"","location"
"1","177"
"2","1321"
"3","1433"
"4","1477"
"5","3248"
"6","3255"
"7","3286"
"8","7263"
"9","9023"
"10","9084"
"11","9333"
"12","10884"
"13","11754"
"14","12863"
"15","14263"
"16","14719"
"17","16013"
"18","16425"
"19","16752"
"20","16812"
"21","18009"
"22","19176"
"23","19325"
"24","19415"
"25","20030"
"26","20832"
"27","22027"
"28","22739"
"29","22910"
"30","23241"
"31","25949"
"32","28665"
"33","30378"
"34","30990"
"35","31503"
"36","32923"
"37","34103"
"38","34398"
"39","34403"
"40","34723"
"41","36596"
"42","36707"
"43","38626"
"44","40554"
"45","41100"
"46","41222"
"47","42376"
"48","43475"
"49","43696"
"50","45188"
"51","47905"
"52","48279"
"53","48370"
"54","48699"
"55","51170"
"56","51461"
"57","52243"
"58","52629"
"59","53439"
"60","53678"
"61","54012"
"62","54037"
"63","54142"
"64","55075"
"65","56695"
"66","57123"
"67","60068"
"68","60374"
"69","60552"
"70","61441"
"71","62946"
"72","63003"
"73","63023"
"74","63549"
"75","63769"
"76","64502"
"77","65555"
"78","65789"
"79","65802"
"80","66015"
"81","67605"
"82","68221"
"83","69733"
"84","70800"
"85","71257"
"86","72220"
"87","72553"
"88","74053"
"89","74059"
"90","74541"
"91","75622"
"92","75775"
"93","75812"
"94","75878"
"95","76043"
"96","76124"
"97","77642"
"98","79724"
"99","83033"
"100","85130"
"101","85513"
"102","85529"
"103","85640"
"104","86131"
"105","86137"
"106","87717"
"107","88803"
"108","89586"
"109","90251"
"110","90763"
"111","91490"
"112","91637"
"113","91953"
"114","92526"
"115","92570"
"116","92643"
"117","92701"
"118","92709"
"119","92747"
"120","92783"
"121","92859"
"122","93110"
"123","93250"
"124","93511"
"125","93601"
"126","94174"
"127","95975"
"128","97488"
"129","98493"
"130","98908"
"131","99709"
"132","100864"
"133","102139"
"134","102268"
"135","102711"
"136","104363"
"137","104502"
"138","105534"
"139","107414"
"140","108123"
"141","109185"
"142","110224"
"143","113378"
"144","114141"
"145","115627"
"146","115794"
"147","115818"
"148","117097"
"149","118555"
"150","119665"
"151","119757"
"152","119977"
"153","120411"
"154","120432"
"155","121370"
"156","124714"
"157","125546"
"158","126815"
"159","127024"
"160","127046"
"161","127587"
"162","128801"
"163","129057"
"164","129537"
"165","131200"
"166","131734"
"167","133040"
"168","134221"
"169","135361"
"170","136051"
"171","136405"
"172","136578"
"173","136870"
"174","137380"
"175","137593"
"176","137695"
"177","138111"
"178","139080"
"179","140579"
"180","141201"
"181","141994"
"182","142416"
"183","142991"
"184","143252"
"185","143549"
"186","143555"
"187","143738"
"188","146667"
"189","147612"
"190","147767"
"191","147878"
"192","148533"
"193","148821"
"194","150056"
"195","151314"
"196","151806"
"197","152045"
"198","152222"
"199","152331"
"200","154471"
"201","155073"
"202","155918"
"203","157617"
"204","161041"
"205","161316"
"206","162682"
"207","162703"
"208","162715"
"209","163745"
"210","163995"
"211","164072"
"212","165071"
"213","165883"
"214","165891"
"215","165931"
"216","166372"
"217","168261"
"218","168710"
"219","168815"
"220","170345"
"221","170988"
"222","170989"
"223","171607"
"224","173863"
"225","174049"
"226","174132"
"227","174185"
"228","174260"
"229","177727"
"230","177956"
"231","178574"
"232","180125"
"233","180374"
"234","180435"
"235","182195"
"236","186172"
"237","186203"
"238","186210"
"239","187981"
"240","188025"
"241","188137"
"242","189281"
"243","189810"
"244","190918"
"245","190985"
"246","190996"
"247","191298"
"248","192527"
"249","193447"
"250","193902"
"251","194111"
"252","195032"
"253","195112"
"254","195117"
"255","195151"
"256","195221"
"257","195262"
"258","195835"
"259","196992"
"260","197022"
"261","197191"
"262","198195"
"263","198709"
"264","201023"
"265","201056"
"266","202198"
"267","204548"
"268","205503"
"269","206000"
"270","207527"
"271","207788"
"272","207898"
"273","208572"
"274","209876"
"275","210469"
"276","215802"
"277","216190"
"278","216292"
"279","216539"
"280","217076"
"281","220549"
"282","221527"
"283","221949"
"284","222159"
"285","222573"
"286","222819"
"287","223001"
"288","223544"
"289","224994"
"290","225812"
"291","226936"
"292","227238"
"293","227249"
"294","227316"
"295","228424"
"296","228953"
